run_at,signal_date,manual_action_date,ts_code,stock_name,action,suggested_shares,reference_close,sma,cash_before_signal,portfolio_value,status,reason,manual_checklist
2026-06-27 16:03:35,2024-01-29,next trading day,600519.SH,贵州茅台,WAIT,0,1650.0,1642.1055,100000.0,100000.0,watch_only,"Buy signal, but available cash is not enough for one lot.",1. Open broker paper account; 2. Confirm code/action/shares; 3. Enter order manually; 4. Mark result in your trading journal.
2026-06-27 16:03:35,2024-02-05,next trading day,600519.SH,贵州茅台,WAIT,0,1630.01,1627.035,100000.0,100000.0,watch_only,"Buy signal, but available cash is not enough for one lot.",1. Open broker paper account; 2. Confirm code/action/shares; 3. Enter order manually; 4. Mark result in your trading journal.
2026-06-27 16:03:35,2024-02-06,next trading day,600519.SH,贵州茅台,WAIT,0,1676.0,1628.785,100000.0,100000.0,watch_only,"Buy signal, but available cash is not enough for one lot.",1. Open broker paper account; 2. Confirm code/action/shares; 3. Enter order manually; 4. Mark result in your trading journal.
2026-06-27 16:03:35,2024-02-07,next trading day,600519.SH,贵州茅台,WAIT,0,1710.99,1632.2595,100000.0,100000.0,watch_only,"Buy signal, but available cash is not enough for one lot.",1. Open broker paper account; 2. Confirm code/action/shares; 3. Enter order manually; 4. Mark result in your trading journal.
2026-06-27 16:03:35,2024-02-08,next trading day,600519.SH,贵州茅台,WAIT,0,1706.0,1635.231,100000.0,100000.0,watch_only,"Buy signal, but available cash is not enough for one lot.",1. Open broker paper account; 2. Confirm code/action/shares; 3. Enter order manually; 4. Mark result in your trading journal.
2026-06-27 16:03:35,2024-02-19,next trading day,600519.SH,贵州茅台,WAIT,0,1695.43,1637.8495,100000.0,100000.0,watch_only,"Buy signal, but available cash is not enough for one lot.",1. Open broker paper account; 2. Confirm code/action/shares; 3. Enter order manually; 4. Mark result in your trading journal.
2026-06-27 16:03:35,2024-02-20,next trading day,600519.SH,贵州茅台,WAIT,0,1670.0,1639.3495,100000.0,100000.0,watch_only,"Buy signal, but available cash is not enough for one lot.",1. Open broker paper account; 2. Confirm code/action/shares; 3. Enter order manually; 4. Mark result in your trading journal.
2026-06-27 16:03:35,2024-02-21,next trading day,600519.SH,贵州茅台,WAIT,0,1717.66,1643.261,100000.0,100000.0,watch_only,"Buy signal, but available cash is not enough for one lot.",1. Open broker paper account; 2. Confirm code/action/shares; 3. Enter order manually; 4. Mark result in your trading journal.
2026-06-27 16:03:35,2024-02-22,next trading day,600519.SH,贵州茅台,WAIT,0,1718.38,1650.33,100000.0,100000.0,watch_only,"Buy signal, but available cash is not enough for one lot.",1. Open broker paper account; 2. Confirm code/action/shares; 3. Enter order manually; 4. Mark result in your trading journal.
2026-06-27 16:03:35,2024-02-23,next trading day,600519.SH,贵州茅台,WAIT,0,1714.09,1655.491,100000.0,100000.0,watch_only,"Buy signal, but available cash is not enough for one lot.",1. Open broker paper account; 2. Confirm code/action/shares; 3. Enter order manually; 4. Mark result in your trading journal.
2026-06-27 16:03:35,2024-02-26,next trading day,600519.SH,贵州茅台,WAIT,0,1694.98,1658.49,100000.0,100000.0,watch_only,"Buy signal, but available cash is not enough for one lot.",1. Open broker paper account; 2. Confirm code/action/shares; 3. Enter order manually; 4. Mark result in your trading journal.
2026-06-27 16:03:35,2024-02-27,next trading day,600519.SH,贵州茅台,WAIT,0,1689.5,1660.865,100000.0,100000.0,watch_only,"Buy signal, but available cash is not enough for one lot.",1. Open broker paper account; 2. Confirm code/action/shares; 3. Enter order manually; 4. Mark result in your trading journal.
2026-06-27 16:03:35,2024-02-28,next trading day,600519.SH,贵州茅台,WAIT,0,1681.55,1663.9925,100000.0,100000.0,watch_only,"Buy signal, but available cash is not enough for one lot.",1. Open broker paper account; 2. Confirm code/action/shares; 3. Enter order manually; 4. Mark result in your trading journal.
2026-06-27 16:03:35,2024-02-29,next trading day,600519.SH,贵州茅台,WAIT,0,1695.0,1667.4425,100000.0,100000.0,watch_only,"Buy signal, but available cash is not enough for one lot.",1. Open broker paper account; 2. Confirm code/action/shares; 3. Enter order manually; 4. Mark result in your trading journal.
2026-06-27 16:03:35,2024-03-01,next trading day,600519.SH,贵州茅台,WAIT,0,1685.06,1669.7955,100000.0,100000.0,watch_only,"Buy signal, but available cash is not enough for one lot.",1. Open broker paper account; 2. Confirm code/action/shares; 3. Enter order manually; 4. Mark result in your trading journal.
2026-06-27 16:03:35,2024-03-04,next trading day,600519.SH,贵州茅台,WAIT,0,1676.3,1671.7445,100000.0,100000.0,watch_only,"Buy signal, but available cash is not enough for one lot.",1. Open broker paper account; 2. Confirm code/action/shares; 3. Enter order manually; 4. Mark result in your trading journal.
2026-06-27 16:03:35,2024-03-05,next trading day,600519.SH,贵州茅台,WAIT,0,1695.1,1673.9995,100000.0,100000.0,watch_only,"Buy signal, but available cash is not enough for one lot.",1. Open broker paper account; 2. Confirm code/action/shares; 3. Enter order manually; 4. Mark result in your trading journal.
2026-06-27 16:03:35,2024-03-06,next trading day,600519.SH,贵州茅台,WAIT,0,1680.55,1677.377,100000.0,100000.0,watch_only,"Buy signal, but available cash is not enough for one lot.",1. Open broker paper account; 2. Confirm code/action/shares; 3. Enter order manually; 4. Mark result in your trading journal.
2026-06-27 16:03:35,2024-03-07,next trading day,600519.SH,贵州茅台,WAIT,0,1683.63,1681.313,100000.0,100000.0,watch_only,"Buy signal, but available cash is not enough for one lot.",1. Open broker paper account; 2. Confirm code/action/shares; 3. Enter order manually; 4. Mark result in your trading journal.
2026-06-27 16:03:35,2024-03-11,next trading day,600519.SH,贵州茅台,WAIT,0,1694.49,1689.3075,100000.0,100000.0,watch_only,"Buy signal, but available cash is not enough for one lot.",1. Open broker paper account; 2. Confirm code/action/shares; 3. Enter order manually; 4. Mark result in your trading journal.
2026-06-27 16:03:35,2024-03-12,next trading day,600519.SH,贵州茅台,WAIT,0,1745.0,1695.057,100000.0,100000.0,watch_only,"Buy signal, but available cash is not enough for one lot.",1. Open broker paper account; 2. Confirm code/action/shares; 3. Enter order manually; 4. Mark result in your trading journal.
2026-06-27 16:03:35,2024-03-13,next trading day,600519.SH,贵州茅台,WAIT,0,1727.45,1697.6295,100000.0,100000.0,watch_only,"Buy signal, but available cash is not enough for one lot.",1. Open broker paper account; 2. Confirm code/action/shares; 3. Enter order manually; 4. Mark result in your trading journal.
2026-06-27 16:03:35,2024-03-14,next trading day,600519.SH,贵州茅台,WAIT,0,1716.63,1697.9115,100000.0,100000.0,watch_only,"Buy signal, but available cash is not enough for one lot.",1. Open broker paper account; 2. Confirm code/action/shares; 3. Enter order manually; 4. Mark result in your trading journal.
2026-06-27 16:03:35,2024-03-15,next trading day,600519.SH,贵州茅台,WAIT,0,1717.49,1698.486,100000.0,100000.0,watch_only,"Buy signal, but available cash is not enough for one lot.",1. Open broker paper account; 2. Confirm code/action/shares; 3. Enter order manually; 4. Mark result in your trading journal.
2026-06-27 16:03:35,2024-03-18,next trading day,600519.SH,贵州茅台,WAIT,0,1708.26,1699.1275,100000.0,100000.0,watch_only,"Buy signal, but available cash is not enough for one lot.",1. Open broker paper account; 2. Confirm code/action/shares; 3. Enter order manually; 4. Mark result in your trading journal.
2026-06-27 16:03:35,2024-03-19,next trading day,600519.SH,贵州茅台,WAIT,0,1708.02,1701.0285,100000.0,100000.0,watch_only,"Buy signal, but available cash is not enough for one lot.",1. Open broker paper account; 2. Confirm code/action/shares; 3. Enter order manually; 4. Mark result in your trading journal.
2026-06-27 16:03:35,2024-03-20,next trading day,600519.SH,贵州茅台,WAIT,0,1709.6,1700.6255,100000.0,100000.0,watch_only,"Buy signal, but available cash is not enough for one lot.",1. Open broker paper account; 2. Confirm code/action/shares; 3. Enter order manually; 4. Mark result in your trading journal.
2026-06-27 16:03:35,2024-03-21,next trading day,600519.SH,贵州茅台,WAIT,0,1709.0,1700.1565,100000.0,100000.0,watch_only,"Buy signal, but available cash is not enough for one lot.",1. Open broker paper account; 2. Confirm code/action/shares; 3. Enter order manually; 4. Mark result in your trading journal.
2026-06-27 16:03:35,2024-03-22,next trading day,600519.SH,贵州茅台,WAIT,0,1701.35,1699.5195,100000.0,100000.0,watch_only,"Buy signal, but available cash is not enough for one lot.",1. Open broker paper account; 2. Confirm code/action/shares; 3. Enter order manually; 4. Mark result in your trading journal.
2026-06-27 16:03:35,2024-03-26,next trading day,600519.SH,贵州茅台,WAIT,0,1709.29,1700.2105,100000.0,100000.0,watch_only,"Buy signal, but available cash is not enough for one lot.",1. Open broker paper account; 2. Confirm code/action/shares; 3. Enter order manually; 4. Mark result in your trading journal.
2026-06-27 16:03:35,2024-03-28,next trading day,600519.SH,贵州茅台,WAIT,0,1701.64,1701.515,100000.0,100000.0,watch_only,"Buy signal, but available cash is not enough for one lot.",1. Open broker paper account; 2. Confirm code/action/shares; 3. Enter order manually; 4. Mark result in your trading journal.
2026-06-27 16:03:35,2024-03-29,next trading day,600519.SH,贵州茅台,WAIT,0,1702.9,1702.407,100000.0,100000.0,watch_only,"Buy signal, but available cash is not enough for one lot.",1. Open broker paper account; 2. Confirm code/action/shares; 3. Enter order manually; 4. Mark result in your trading journal.
2026-06-27 16:03:35,2024-04-01,next trading day,600519.SH,贵州茅台,WAIT,0,1721.33,1704.6585,100000.0,100000.0,watch_only,"Buy signal, but available cash is not enough for one lot.",1. Open broker paper account; 2. Confirm code/action/shares; 3. Enter order manually; 4. Mark result in your trading journal.
2026-06-27 16:03:35,2024-04-02,next trading day,600519.SH,贵州茅台,WAIT,0,1713.99,1705.603,100000.0,100000.0,watch_only,"Buy signal, but available cash is not enough for one lot.",1. Open broker paper account; 2. Confirm code/action/shares; 3. Enter order manually; 4. Mark result in your trading journal.
2026-06-27 16:03:35,2024-04-03,next trading day,600519.SH,贵州茅台,WAIT,0,1715.11,1707.331,100000.0,100000.0,watch_only,"Buy signal, but available cash is not enough for one lot.",1. Open broker paper account; 2. Confirm code/action/shares; 3. Enter order manually; 4. Mark result in your trading journal.
2026-06-27 16:03:35,2024-04-23,next trading day,600519.SH,贵州茅台,WAIT,0,1692.28,1680.395,100000.0,100000.0,watch_only,"Buy signal, but available cash is not enough for one lot.",1. Open broker paper account; 2. Confirm code/action/shares; 3. Enter order manually; 4. Mark result in your trading journal.
2026-06-27 16:03:35,2024-04-24,next trading day,600519.SH,贵州茅台,WAIT,0,1693.6,1680.6245,100000.0,100000.0,watch_only,"Buy signal, but available cash is not enough for one lot.",1. Open broker paper account; 2. Confirm code/action/shares; 3. Enter order manually; 4. Mark result in your trading journal.
2026-06-27 16:03:35,2024-04-25,next trading day,600519.SH,贵州茅台,WAIT,0,1693.04,1679.812,100000.0,100000.0,watch_only,"Buy signal, but available cash is not enough for one lot.",1. Open broker paper account; 2. Confirm code/action/shares; 3. Enter order manually; 4. Mark result in your trading journal.
2026-06-27 16:03:35,2024-04-26,next trading day,600519.SH,贵州茅台,WAIT,0,1709.43,1680.2335,100000.0,100000.0,watch_only,"Buy signal, but available cash is not enough for one lot.",1. Open broker paper account; 2. Confirm code/action/shares; 3. Enter order manually; 4. Mark result in your trading journal.
2026-06-27 16:03:35,2024-04-29,next trading day,600519.SH,贵州茅台,WAIT,0,1704.0,1680.3515,100000.0,100000.0,watch_only,"Buy signal, but available cash is not enough for one lot.",1. Open broker paper account; 2. Confirm code/action/shares; 3. Enter order manually; 4. Mark result in your trading journal.
2026-06-27 16:03:35,2024-04-30,next trading day,600519.SH,贵州茅台,WAIT,0,1705.0,1680.4565,100000.0,100000.0,watch_only,"Buy signal, but available cash is not enough for one lot.",1. Open broker paper account; 2. Confirm code/action/shares; 3. Enter order manually; 4. Mark result in your trading journal.
2026-06-27 16:03:35,2024-05-06,next trading day,600519.SH,贵州茅台,WAIT,0,1760.2,1682.4,100000.0,100000.0,watch_only,"Buy signal, but available cash is not enough for one lot.",1. Open broker paper account; 2. Confirm code/action/shares; 3. Enter order manually; 4. Mark result in your trading journal.
2026-06-27 16:03:35,2024-05-07,next trading day,600519.SH,贵州茅台,WAIT,0,1770.0,1685.2005,100000.0,100000.0,watch_only,"Buy signal, but available cash is not enough for one lot.",1. Open broker paper account; 2. Confirm code/action/shares; 3. Enter order manually; 4. Mark result in your trading journal.
2026-06-27 16:03:35,2024-05-08,next trading day,600519.SH,贵州茅台,WAIT,0,1763.97,1687.6435,100000.0,100000.0,watch_only,"Buy signal, but available cash is not enough for one lot.",1. Open broker paper account; 2. Confirm code/action/shares; 3. Enter order manually; 4. Mark result in your trading journal.
2026-06-27 16:03:35,2024-05-09,next trading day,600519.SH,贵州茅台,WAIT,0,1756.0,1692.1105,100000.0,100000.0,watch_only,"Buy signal, but available cash is not enough for one lot.",1. Open broker paper account; 2. Confirm code/action/shares; 3. Enter order manually; 4. Mark result in your trading journal.
2026-06-27 16:03:35,2024-05-10,next trading day,600519.SH,贵州茅台,WAIT,0,1738.98,1695.9485,100000.0,100000.0,watch_only,"Buy signal, but available cash is not enough for one lot.",1. Open broker paper account; 2. Confirm code/action/shares; 3. Enter order manually; 4. Mark result in your trading journal.
2026-06-27 16:03:35,2024-05-13,next trading day,600519.SH,贵州茅台,WAIT,0,1706.0,1698.8495,100000.0,100000.0,watch_only,"Buy signal, but available cash is not enough for one lot.",1. Open broker paper account; 2. Confirm code/action/shares; 3. Enter order manually; 4. Mark result in your trading journal.
2026-06-27 16:03:35,2024-05-14,next trading day,600519.SH,贵州茅台,WAIT,0,1701.98,1701.5485,100000.0,100000.0,watch_only,"Buy signal, but available cash is not enough for one lot.",1. Open broker paper account; 2. Confirm code/action/shares; 3. Enter order manually; 4. Mark result in your trading journal.
2026-06-27 16:03:35,2024-05-17,next trading day,600519.SH,贵州茅台,WAIT,0,1715.0,1708.673,100000.0,100000.0,watch_only,"Buy signal, but available cash is not enough for one lot.",1. Open broker paper account; 2. Confirm code/action/shares; 3. Enter order manually; 4. Mark result in your trading journal.
2026-06-27 16:03:35,2024-07-12,next trading day,600519.SH,贵州茅台,WAIT,0,1478.82,1477.5875,100000.0,100000.0,watch_only,"Buy signal, but available cash is not enough for one lot.",1. Open broker paper account; 2. Confirm code/action/shares; 3. Enter order manually; 4. Mark result in your trading journal.
2026-06-27 16:03:35,2024-07-15,next trading day,600519.SH,贵州茅台,WAIT,0,1474.9,1474.2575,100000.0,100000.0,watch_only,"Buy signal, but available cash is not enough for one lot.",1. Open broker paper account; 2. Confirm code/action/shares; 3. Enter order manually; 4. Mark result in your trading journal.
2026-06-27 16:03:35,2024-07-16,next trading day,600519.SH,贵州茅台,WAIT,0,1476.0,1471.9825,100000.0,100000.0,watch_only,"Buy signal, but available cash is not enough for one lot.",1. Open broker paper account; 2. Confirm code/action/shares; 3. Enter order manually; 4. Mark result in your trading journal.
2026-06-27 16:03:35,2024-07-17,next trading day,600519.SH,贵州茅台,WAIT,0,1501.4,1472.0025,100000.0,100000.0,watch_only,"Buy signal, but available cash is not enough for one lot.",1. Open broker paper account; 2. Confirm code/action/shares; 3. Enter order manually; 4. Mark result in your trading journal.
2026-06-27 16:03:35,2024-07-18,next trading day,600519.SH,贵州茅台,WAIT,0,1497.51,1471.873,100000.0,100000.0,watch_only,"Buy signal, but available cash is not enough for one lot.",1. Open broker paper account; 2. Confirm code/action/shares; 3. Enter order manually; 4. Mark result in your trading journal.
2026-06-27 16:03:35,2024-07-19,next trading day,600519.SH,贵州茅台,WAIT,0,1525.62,1474.604,100000.0,100000.0,watch_only,"Buy signal, but available cash is not enough for one lot.",1. Open broker paper account; 2. Confirm code/action/shares; 3. Enter order manually; 4. Mark result in your trading journal.
2026-06-27 16:03:35,2024-07-22,next trading day,600519.SH,贵州茅台,WAIT,0,1499.0,1475.7265,100000.0,100000.0,watch_only,"Buy signal, but available cash is not enough for one lot.",1. Open broker paper account; 2. Confirm code/action/shares; 3. Enter order manually; 4. Mark result in your trading journal.
2026-06-27 16:03:35,2024-08-16,next trading day,600519.SH,贵州茅台,WAIT,0,1431.2,1422.29,100000.0,100000.0,watch_only,"Buy signal, but available cash is not enough for one lot.",1. Open broker paper account; 2. Confirm code/action/shares; 3. Enter order manually; 4. Mark result in your trading journal.
2026-06-27 16:03:35,2024-08-19,next trading day,600519.SH,贵州茅台,WAIT,0,1425.44,1418.612,100000.0,100000.0,watch_only,"Buy signal, but available cash is not enough for one lot.",1. Open broker paper account; 2. Confirm code/action/shares; 3. Enter order manually; 4. Mark result in your trading journal.
2026-06-27 16:03:35,2024-08-20,next trading day,600519.SH,贵州茅台,WAIT,0,1422.72,1416.998,100000.0,100000.0,watch_only,"Buy signal, but available cash is not enough for one lot.",1. Open broker paper account; 2. Confirm code/action/shares; 3. Enter order manually; 4. Mark result in your trading journal.
2026-06-27 16:03:35,2024-08-21,next trading day,600519.SH,贵州茅台,WAIT,0,1417.58,1415.876,100000.0,100000.0,watch_only,"Buy signal, but available cash is not enough for one lot.",1. Open broker paper account; 2. Confirm code/action/shares; 3. Enter order manually; 4. Mark result in your trading journal.
2026-06-27 16:03:35,2024-08-23,next trading day,600519.SH,贵州茅台,WAIT,0,1414.99,1414.494,100000.0,100000.0,watch_only,"Buy signal, but available cash is not enough for one lot.",1. Open broker paper account; 2. Confirm code/action/shares; 3. Enter order manually; 4. Mark result in your trading journal.
2026-06-27 16:03:35,2024-08-30,next trading day,600519.SH,贵州茅台,WAIT,0,1443.19,1419.027,100000.0,100000.0,watch_only,"Buy signal, but available cash is not enough for one lot.",1. Open broker paper account; 2. Confirm code/action/shares; 3. Enter order manually; 4. Mark result in your trading journal.
2026-06-27 16:03:35,2024-09-24,next trading day,600519.SH,贵州茅台,WAIT,0,1372.6,1363.3795,100000.0,100000.0,watch_only,"Buy signal, but available cash is not enough for one lot.",1. Open broker paper account; 2. Confirm code/action/shares; 3. Enter order manually; 4. Mark result in your trading journal.
2026-06-27 16:03:35,2024-09-25,next trading day,600519.SH,贵州茅台,WAIT,0,1399.0,1362.7295,100000.0,100000.0,watch_only,"Buy signal, but available cash is not enough for one lot.",1. Open broker paper account; 2. Confirm code/action/shares; 3. Enter order manually; 4. Mark result in your trading journal.
2026-06-27 16:03:35,2024-09-26,next trading day,600519.SH,贵州茅台,WAIT,0,1529.0,1368.976,100000.0,100000.0,watch_only,"Buy signal, but available cash is not enough for one lot.",1. Open broker paper account; 2. Confirm code/action/shares; 3. Enter order manually; 4. Mark result in your trading journal.
2026-06-27 16:03:35,2024-09-27,next trading day,600519.SH,贵州茅台,WAIT,0,1629.2,1380.986,100000.0,100000.0,watch_only,"Buy signal, but available cash is not enough for one lot.",1. Open broker paper account; 2. Confirm code/action/shares; 3. Enter order manually; 4. Mark result in your trading journal.
2026-06-27 16:03:35,2024-09-30,next trading day,600519.SH,贵州茅台,WAIT,0,1748.0,1397.721,100000.0,100000.0,watch_only,"Buy signal, but available cash is not enough for one lot.",1. Open broker paper account; 2. Confirm code/action/shares; 3. Enter order manually; 4. Mark result in your trading journal.
2026-06-27 16:03:35,2024-10-08,next trading day,600519.SH,贵州茅台,WAIT,0,1723.0,1411.7115,100000.0,100000.0,watch_only,"Buy signal, but available cash is not enough for one lot.",1. Open broker paper account; 2. Confirm code/action/shares; 3. Enter order manually; 4. Mark result in your trading journal.
2026-06-27 16:03:35,2024-10-09,next trading day,600519.SH,贵州茅台,WAIT,0,1595.15,1421.719,100000.0,100000.0,watch_only,"Buy signal, but available cash is not enough for one lot.",1. Open broker paper account; 2. Confirm code/action/shares; 3. Enter order manually; 4. Mark result in your trading journal.
2026-06-27 16:03:35,2024-10-10,next trading day,600519.SH,贵州茅台,WAIT,0,1640.0,1433.219,100000.0,100000.0,watch_only,"Buy signal, but available cash is not enough for one lot.",1. Open broker paper account; 2. Confirm code/action/shares; 3. Enter order manually; 4. Mark result in your trading journal.
2026-06-27 16:03:35,2024-10-11,next trading day,600519.SH,贵州茅台,WAIT,0,1604.99,1443.4685,100000.0,100000.0,watch_only,"Buy signal, but available cash is not enough for one lot.",1. Open broker paper account; 2. Confirm code/action/shares; 3. Enter order manually; 4. Mark result in your trading journal.
2026-06-27 16:03:35,2024-10-14,next trading day,600519.SH,贵州茅台,WAIT,0,1601.99,1453.324,100000.0,100000.0,watch_only,"Buy signal, but available cash is not enough for one lot.",1. Open broker paper account; 2. Confirm code/action/shares; 3. Enter order manually; 4. Mark result in your trading journal.
2026-06-27 16:03:35,2024-10-15,next trading day,600519.SH,贵州茅台,WAIT,0,1554.25,1461.1365,100000.0,100000.0,watch_only,"Buy signal, but available cash is not enough for one lot.",1. Open broker paper account; 2. Confirm code/action/shares; 3. Enter order manually; 4. Mark result in your trading journal.
2026-06-27 16:03:35,2024-10-16,next trading day,600519.SH,贵州茅台,WAIT,0,1522.5,1468.5115,100000.0,100000.0,watch_only,"Buy signal, but available cash is not enough for one lot.",1. Open broker paper account; 2. Confirm code/action/shares; 3. Enter order manually; 4. Mark result in your trading journal.
2026-06-27 16:03:35,2024-10-17,next trading day,600519.SH,贵州茅台,WAIT,0,1494.6,1474.3415,100000.0,100000.0,watch_only,"Buy signal, but available cash is not enough for one lot.",1. Open broker paper account; 2. Confirm code/action/shares; 3. Enter order manually; 4. Mark result in your trading journal.
2026-06-27 16:03:35,2024-10-18,next trading day,600519.SH,贵州茅台,WAIT,0,1541.0,1482.3915,100000.0,100000.0,watch_only,"Buy signal, but available cash is not enough for one lot.",1. Open broker paper account; 2. Confirm code/action/shares; 3. Enter order manually; 4. Mark result in your trading journal.
2026-06-27 16:03:35,2024-10-21,next trading day,600519.SH,贵州茅台,WAIT,0,1528.8,1492.0785,100000.0,100000.0,watch_only,"Buy signal, but available cash is not enough for one lot.",1. Open broker paper account; 2. Confirm code/action/shares; 3. Enter order manually; 4. Mark result in your trading journal.
2026-06-27 16:03:35,2024-10-22,next trading day,600519.SH,贵州茅台,WAIT,0,1543.0,1504.022,100000.0,100000.0,watch_only,"Buy signal, but available cash is not enough for one lot.",1. Open broker paper account; 2. Confirm code/action/shares; 3. Enter order manually; 4. Mark result in your trading journal.
2026-06-27 16:03:35,2024-10-23,next trading day,600519.SH,贵州茅台,WAIT,0,1567.5,1519.052,100000.0,100000.0,watch_only,"Buy signal, but available cash is not enough for one lot.",1. Open broker paper account; 2. Confirm code/action/shares; 3. Enter order manually; 4. Mark result in your trading journal.
2026-06-27 16:03:35,2024-10-24,next trading day,600519.SH,贵州茅台,WAIT,0,1552.2,1533.612,100000.0,100000.0,watch_only,"Buy signal, but available cash is not enough for one lot.",1. Open broker paper account; 2. Confirm code/action/shares; 3. Enter order manually; 4. Mark result in your trading journal.
2026-06-27 16:03:35,2024-10-25,next trading day,600519.SH,贵州茅台,WAIT,0,1558.85,1548.3585,100000.0,100000.0,watch_only,"Buy signal, but available cash is not enough for one lot.",1. Open broker paper account; 2. Confirm code/action/shares; 3. Enter order manually; 4. Mark result in your trading journal.
2026-06-27 16:03:35,2024-10-28,next trading day,600519.SH,贵州茅台,WAIT,0,1565.0,1563.5315,100000.0,100000.0,watch_only,"Buy signal, but available cash is not enough for one lot.",1. Open broker paper account; 2. Confirm code/action/shares; 3. Enter order manually; 4. Mark result in your trading journal.
2026-06-27 16:03:35,2024-11-05,next trading day,600519.SH,贵州茅台,WAIT,0,1576.99,1556.009,100000.0,100000.0,watch_only,"Buy signal, but available cash is not enough for one lot.",1. Open broker paper account; 2. Confirm code/action/shares; 3. Enter order manually; 4. Mark result in your trading journal.
2026-06-27 16:03:35,2024-11-06,next trading day,600519.SH,贵州茅台,WAIT,0,1571.0,1554.8015,100000.0,100000.0,watch_only,"Buy signal, but available cash is not enough for one lot.",1. Open broker paper account; 2. Confirm code/action/shares; 3. Enter order manually; 4. Mark result in your trading journal.
2026-06-27 16:03:35,2024-11-07,next trading day,600519.SH,贵州茅台,WAIT,0,1649.14,1555.2585,100000.0,100000.0,watch_only,"Buy signal, but available cash is not enough for one lot.",1. Open broker paper account; 2. Confirm code/action/shares; 3. Enter order manually; 4. Mark result in your trading journal.
2026-06-27 16:03:35,2024-11-08,next trading day,600519.SH,贵州茅台,WAIT,0,1609.97,1555.5075,100000.0,100000.0,watch_only,"Buy signal, but available cash is not enough for one lot.",1. Open broker paper account; 2. Confirm code/action/shares; 3. Enter order manually; 4. Mark result in your trading journal.
2026-06-27 16:03:35,2024-11-11,next trading day,600519.SH,贵州茅台,WAIT,0,1598.01,1555.3085,100000.0,100000.0,watch_only,"Buy signal, but available cash is not enough for one lot.",1. Open broker paper account; 2. Confirm code/action/shares; 3. Enter order manually; 4. Mark result in your trading journal.
2026-06-27 16:03:35,2024-11-12,next trading day,600519.SH,贵州茅台,WAIT,0,1577.2,1556.456,100000.0,100000.0,watch_only,"Buy signal, but available cash is not enough for one lot.",1. Open broker paper account; 2. Confirm code/action/shares; 3. Enter order manually; 4. Mark result in your trading journal.
2026-06-27 16:03:35,2024-11-13,next trading day,600519.SH,贵州茅台,WAIT,0,1578.5,1559.256,100000.0,100000.0,watch_only,"Buy signal, but available cash is not enough for one lot.",1. Open broker paper account; 2. Confirm code/action/shares; 3. Enter order manually; 4. Mark result in your trading journal.
2026-06-27 16:03:35,2024-11-14,next trading day,600519.SH,贵州茅台,WAIT,0,1573.8,1563.216,100000.0,100000.0,watch_only,"Buy signal, but available cash is not enough for one lot.",1. Open broker paper account; 2. Confirm code/action/shares; 3. Enter order manually; 4. Mark result in your trading journal.
2026-06-27 16:03:35,2024-12-10,next trading day,600519.SH,贵州茅台,WAIT,0,1546.59,1532.474,100000.0,100000.0,watch_only,"Buy signal, but available cash is not enough for one lot.",1. Open broker paper account; 2. Confirm code/action/shares; 3. Enter order manually; 4. Mark result in your trading journal.
2026-06-27 16:03:35,2024-12-11,next trading day,600519.SH,贵州茅台,WAIT,0,1535.6,1530.329,100000.0,100000.0,watch_only,"Buy signal, but available cash is not enough for one lot.",1. Open broker paper account; 2. Confirm code/action/shares; 3. Enter order manually; 4. Mark result in your trading journal.
2026-06-27 16:03:35,2024-12-12,next trading day,600519.SH,贵州茅台,WAIT,0,1565.8,1529.929,100000.0,100000.0,watch_only,"Buy signal, but available cash is not enough for one lot.",1. Open broker paper account; 2. Confirm code/action/shares; 3. Enter order manually; 4. Mark result in your trading journal.
2026-06-27 16:03:35,2024-12-16,next trading day,600519.SH,贵州茅台,WAIT,0,1527.2,1526.339,100000.0,100000.0,watch_only,"Buy signal, but available cash is not enough for one lot.",1. Open broker paper account; 2. Confirm code/action/shares; 3. Enter order manually; 4. Mark result in your trading journal.
2026-06-27 16:03:35,2024-12-17,next trading day,600519.SH,贵州茅台,WAIT,0,1558.0,1527.143,100000.0,100000.0,watch_only,"Buy signal, but available cash is not enough for one lot.",1. Open broker paper account; 2. Confirm code/action/shares; 3. Enter order manually; 4. Mark result in your trading journal.
2026-06-27 16:03:35,2024-12-18,next trading day,600519.SH,贵州茅台,WAIT,0,1571.5,1528.4775,100000.0,100000.0,watch_only,"Buy signal, but available cash is not enough for one lot.",1. Open broker paper account; 2. Confirm code/action/shares; 3. Enter order manually; 4. Mark result in your trading journal.
2026-06-27 16:03:35,2024-12-19,next trading day,600519.SH,贵州茅台,WAIT,0,1551.01,1528.7715,100000.0,100000.0,watch_only,"Buy signal, but available cash is not enough for one lot.",1. Open broker paper account; 2. Confirm code/action/shares; 3. Enter order manually; 4. Mark result in your trading journal.
2026-06-27 16:03:35,2024-12-24,next trading day,600519.SH,贵州茅台,WAIT,0,1538.82,1532.3655,100000.0,100000.0,watch_only,"Buy signal, but available cash is not enough for one lot.",1. Open broker paper account; 2. Confirm code/action/shares; 3. Enter order manually; 4. Mark result in your trading journal.
2026-06-27 16:03:35,2025-02-12,next trading day,600519.SH,贵州茅台,WAIT,0,1443.0,1442.7235,100000.0,100000.0,watch_only,"Buy signal, but available cash is not enough for one lot.",1. Open broker paper account; 2. Confirm code/action/shares; 3. Enter order manually; 4. Mark result in your trading journal.
2026-06-27 16:03:35,2025-02-13,next trading day,600519.SH,贵州茅台,WAIT,0,1465.06,1443.8515,100000.0,100000.0,watch_only,"Buy signal, but available cash is not enough for one lot.",1. Open broker paper account; 2. Confirm code/action/shares; 3. Enter order manually; 4. Mark result in your trading journal.
2026-06-27 16:03:35,2025-02-14,next trading day,600519.SH,贵州茅台,WAIT,0,1475.0,1445.4015,100000.0,100000.0,watch_only,"Buy signal, but available cash is not enough for one lot.",1. Open broker paper account; 2. Confirm code/action/shares; 3. Enter order manually; 4. Mark result in your trading journal.
2026-06-27 16:03:35,2025-02-17,next trading day,600519.SH,贵州茅台,WAIT,0,1471.62,1447.1825,100000.0,100000.0,watch_only,"Buy signal, but available cash is not enough for one lot.",1. Open broker paper account; 2. Confirm code/action/shares; 3. Enter order manually; 4. Mark result in your trading journal.
2026-06-27 16:03:35,2025-02-18,next trading day,600519.SH,贵州茅台,WAIT,0,1475.0,1448.7335,100000.0,100000.0,watch_only,"Buy signal, but available cash is not enough for one lot.",1. Open broker paper account; 2. Confirm code/action/shares; 3. Enter order manually; 4. Mark result in your trading journal.
2026-06-27 16:03:35,2025-02-19,next trading day,600519.SH,贵州茅台,WAIT,0,1491.0,1449.6585,100000.0,100000.0,watch_only,"Buy signal, but available cash is not enough for one lot.",1. Open broker paper account; 2. Confirm code/action/shares; 3. Enter order manually; 4. Mark result in your trading journal.
2026-06-27 16:03:35,2025-02-20,next trading day,600519.SH,贵州茅台,WAIT,0,1474.0,1449.795,100000.0,100000.0,watch_only,"Buy signal, but available cash is not enough for one lot.",1. Open broker paper account; 2. Confirm code/action/shares; 3. Enter order manually; 4. Mark result in your trading journal.
2026-06-27 16:03:35,2025-02-21,next trading day,600519.SH,贵州茅台,WAIT,0,1488.21,1451.8865,100000.0,100000.0,watch_only,"Buy signal, but available cash is not enough for one lot.",1. Open broker paper account; 2. Confirm code/action/shares; 3. Enter order manually; 4. Mark result in your trading journal.
2026-06-27 16:03:35,2025-02-24,next trading day,600519.SH,贵州茅台,WAIT,0,1479.07,1453.1025,100000.0,100000.0,watch_only,"Buy signal, but available cash is not enough for one lot.",1. Open broker paper account; 2. Confirm code/action/shares; 3. Enter order manually; 4. Mark result in your trading journal.
2026-06-27 16:03:35,2025-02-25,next trading day,600519.SH,贵州茅台,WAIT,0,1454.0,1452.0625,100000.0,100000.0,watch_only,"Buy signal, but available cash is not enough for one lot.",1. Open broker paper account; 2. Confirm code/action/shares; 3. Enter order manually; 4. Mark result in your trading journal.
2026-06-27 16:03:35,2025-02-26,next trading day,600519.SH,贵州茅台,WAIT,0,1460.01,1451.6555,100000.0,100000.0,watch_only,"Buy signal, but available cash is not enough for one lot.",1. Open broker paper account; 2. Confirm code/action/shares; 3. Enter order manually; 4. Mark result in your trading journal.
2026-06-27 16:03:35,2025-02-27,next trading day,600519.SH,贵州茅台,WAIT,0,1485.56,1453.8835,100000.0,100000.0,watch_only,"Buy signal, but available cash is not enough for one lot.",1. Open broker paper account; 2. Confirm code/action/shares; 3. Enter order manually; 4. Mark result in your trading journal.
2026-06-27 16:03:35,2025-02-28,next trading day,600519.SH,贵州茅台,WAIT,0,1500.79,1456.773,100000.0,100000.0,watch_only,"Buy signal, but available cash is not enough for one lot.",1. Open broker paper account; 2. Confirm code/action/shares; 3. Enter order manually; 4. Mark result in your trading journal.
2026-06-27 16:03:35,2025-03-03,next trading day,600519.SH,贵州茅台,WAIT,0,1487.02,1459.324,100000.0,100000.0,watch_only,"Buy signal, but available cash is not enough for one lot.",1. Open broker paper account; 2. Confirm code/action/shares; 3. Enter order manually; 4. Mark result in your trading journal.
2026-06-27 16:03:35,2025-03-04,next trading day,600519.SH,贵州茅台,WAIT,0,1470.11,1461.08,100000.0,100000.0,watch_only,"Buy signal, but available cash is not enough for one lot.",1. Open broker paper account; 2. Confirm code/action/shares; 3. Enter order manually; 4. Mark result in your trading journal.
2026-06-27 16:03:35,2025-03-05,next trading day,600519.SH,贵州茅台,WAIT,0,1466.37,1464.2085,100000.0,100000.0,watch_only,"Buy signal, but available cash is not enough for one lot.",1. Open broker paper account; 2. Confirm code/action/shares; 3. Enter order manually; 4. Mark result in your trading journal.
2026-06-27 16:03:35,2025-03-06,next trading day,600519.SH,贵州茅台,WAIT,0,1505.98,1468.8655,100000.0,100000.0,watch_only,"Buy signal, but available cash is not enough for one lot.",1. Open broker paper account; 2. Confirm code/action/shares; 3. Enter order manually; 4. Mark result in your trading journal.
2026-06-27 16:03:35,2025-03-07,next trading day,600519.SH,贵州茅台,WAIT,0,1521.0,1473.1155,100000.0,100000.0,watch_only,"Buy signal, but available cash is not enough for one lot.",1. Open broker paper account; 2. Confirm code/action/shares; 3. Enter order manually; 4. Mark result in your trading journal.
2026-06-27 16:03:35,2025-03-10,next trading day,600519.SH,贵州茅台,WAIT,0,1522.9,1477.685,100000.0,100000.0,watch_only,"Buy signal, but available cash is not enough for one lot.",1. Open broker paper account; 2. Confirm code/action/shares; 3. Enter order manually; 4. Mark result in your trading journal.
2026-06-27 16:03:35,2025-03-11,next trading day,600519.SH,贵州茅台,WAIT,0,1548.68,1484.219,100000.0,100000.0,watch_only,"Buy signal, but available cash is not enough for one lot.",1. Open broker paper account; 2. Confirm code/action/shares; 3. Enter order manually; 4. Mark result in your trading journal.
2026-06-27 16:03:35,2025-03-12,next trading day,600519.SH,贵州茅台,WAIT,0,1542.58,1489.198,100000.0,100000.0,watch_only,"Buy signal, but available cash is not enough for one lot.",1. Open broker paper account; 2. Confirm code/action/shares; 3. Enter order manually; 4. Mark result in your trading journal.
2026-06-27 16:03:35,2025-03-13,next trading day,600519.SH,贵州茅台,WAIT,0,1537.77,1492.8335,100000.0,100000.0,watch_only,"Buy signal, but available cash is not enough for one lot.",1. Open broker paper account; 2. Confirm code/action/shares; 3. Enter order manually; 4. Mark result in your trading journal.
2026-06-27 16:03:35,2025-03-14,next trading day,600519.SH,贵州茅台,WAIT,0,1628.01,1500.484,100000.0,100000.0,watch_only,"Buy signal, but available cash is not enough for one lot.",1. Open broker paper account; 2. Confirm code/action/shares; 3. Enter order manually; 4. Mark result in your trading journal.
2026-06-27 16:03:35,2025-03-17,next trading day,600519.SH,贵州茅台,WAIT,0,1637.86,1508.796,100000.0,100000.0,watch_only,"Buy signal, but available cash is not enough for one lot.",1. Open broker paper account; 2. Confirm code/action/shares; 3. Enter order manually; 4. Mark result in your trading journal.
2026-06-27 16:03:35,2025-03-18,next trading day,600519.SH,贵州茅台,WAIT,0,1624.0,1516.246,100000.0,100000.0,watch_only,"Buy signal, but available cash is not enough for one lot.",1. Open broker paper account; 2. Confirm code/action/shares; 3. Enter order manually; 4. Mark result in your trading journal.
2026-06-27 16:03:35,2025-03-19,next trading day,600519.SH,贵州茅台,WAIT,0,1635.71,1523.4815,100000.0,100000.0,watch_only,"Buy signal, but available cash is not enough for one lot.",1. Open broker paper account; 2. Confirm code/action/shares; 3. Enter order manually; 4. Mark result in your trading journal.
2026-06-27 16:03:35,2025-03-20,next trading day,600519.SH,贵州茅台,WAIT,0,1604.0,1529.9815,100000.0,100000.0,watch_only,"Buy signal, but available cash is not enough for one lot.",1. Open broker paper account; 2. Confirm code/action/shares; 3. Enter order manually; 4. Mark result in your trading journal.
2026-06-27 16:03:35,2025-03-21,next trading day,600519.SH,贵州茅台,WAIT,0,1573.75,1534.2585,100000.0,100000.0,watch_only,"Buy signal, but available cash is not enough for one lot.",1. Open broker paper account; 2. Confirm code/action/shares; 3. Enter order manually; 4. Mark result in your trading journal.
2026-06-27 16:03:35,2025-03-24,next trading day,600519.SH,贵州茅台,WAIT,0,1583.0,1539.455,100000.0,100000.0,watch_only,"Buy signal, but available cash is not enough for one lot.",1. Open broker paper account; 2. Confirm code/action/shares; 3. Enter order manually; 4. Mark result in your trading journal.
2026-06-27 16:03:35,2025-03-25,next trading day,600519.SH,贵州茅台,WAIT,0,1575.5,1545.53,100000.0,100000.0,watch_only,"Buy signal, but available cash is not enough for one lot.",1. Open broker paper account; 2. Confirm code/action/shares; 3. Enter order manually; 4. Mark result in your trading journal.
2026-06-27 16:03:35,2025-03-26,next trading day,600519.SH,贵州茅台,WAIT,0,1576.0,1551.3295,100000.0,100000.0,watch_only,"Buy signal, but available cash is not enough for one lot.",1. Open broker paper account; 2. Confirm code/action/shares; 3. Enter order manually; 4. Mark result in your trading journal.
2026-06-27 16:03:35,2025-03-27,next trading day,600519.SH,贵州茅台,WAIT,0,1589.0,1556.5015,100000.0,100000.0,watch_only,"Buy signal, but available cash is not enough for one lot.",1. Open broker paper account; 2. Confirm code/action/shares; 3. Enter order manually; 4. Mark result in your trading journal.
2026-06-27 16:03:35,2025-03-28,next trading day,600519.SH,贵州茅台,WAIT,0,1585.21,1560.7225,100000.0,100000.0,watch_only,"Buy signal, but available cash is not enough for one lot.",1. Open broker paper account; 2. Confirm code/action/shares; 3. Enter order manually; 4. Mark result in your trading journal.
2026-06-27 16:03:35,2025-04-17,next trading day,600519.SH,贵州茅台,WAIT,0,1570.0,1563.228,100000.0,100000.0,watch_only,"Buy signal, but available cash is not enough for one lot.",1. Open broker paper account; 2. Confirm code/action/shares; 3. Enter order manually; 4. Mark result in your trading journal.
2026-06-27 16:03:35,2025-04-18,next trading day,600519.SH,贵州茅台,WAIT,0,1565.94,1561.325,100000.0,100000.0,watch_only,"Buy signal, but available cash is not enough for one lot.",1. Open broker paper account; 2. Confirm code/action/shares; 3. Enter order manually; 4. Mark result in your trading journal.
2026-06-27 16:03:35,2025-05-07,next trading day,600519.SH,贵州茅台,WAIT,0,1555.0,1550.4685,100000.0,100000.0,watch_only,"Buy signal, but available cash is not enough for one lot.",1. Open broker paper account; 2. Confirm code/action/shares; 3. Enter order manually; 4. Mark result in your trading journal.
2026-06-27 16:03:35,2025-05-08,next trading day,600519.SH,贵州茅台,WAIT,0,1578.19,1554.378,100000.0,100000.0,watch_only,"Buy signal, but available cash is not enough for one lot.",1. Open broker paper account; 2. Confirm code/action/shares; 3. Enter order manually; 4. Mark result in your trading journal.
2026-06-27 16:03:35,2025-05-09,next trading day,600519.SH,贵州茅台,WAIT,0,1591.18,1556.687,100000.0,100000.0,watch_only,"Buy signal, but available cash is not enough for one lot.",1. Open broker paper account; 2. Confirm code/action/shares; 3. Enter order manually; 4. Mark result in your trading journal.
2026-06-27 16:03:35,2025-05-12,next trading day,600519.SH,贵州茅台,WAIT,0,1604.5,1559.86,100000.0,100000.0,watch_only,"Buy signal, but available cash is not enough for one lot.",1. Open broker paper account; 2. Confirm code/action/shares; 3. Enter order manually; 4. Mark result in your trading journal.
2026-06-27 16:03:35,2025-05-13,next trading day,600519.SH,贵州茅台,WAIT,0,1590.3,1561.925,100000.0,100000.0,watch_only,"Buy signal, but available cash is not enough for one lot.",1. Open broker paper account; 2. Confirm code/action/shares; 3. Enter order manually; 4. Mark result in your trading journal.
2026-06-27 16:03:35,2025-05-14,next trading day,600519.SH,贵州茅台,WAIT,0,1634.99,1565.2255,100000.0,100000.0,watch_only,"Buy signal, but available cash is not enough for one lot.",1. Open broker paper account; 2. Confirm code/action/shares; 3. Enter order manually; 4. Mark result in your trading journal.
2026-06-27 16:03:35,2025-05-15,next trading day,600519.SH,贵州茅台,WAIT,0,1632.01,1569.2265,100000.0,100000.0,watch_only,"Buy signal, but available cash is not enough for one lot.",1. Open broker paper account; 2. Confirm code/action/shares; 3. Enter order manually; 4. Mark result in your trading journal.
2026-06-27 16:03:35,2025-05-16,next trading day,600519.SH,贵州茅台,WAIT,0,1614.13,1572.033,100000.0,100000.0,watch_only,"Buy signal, but available cash is not enough for one lot.",1. Open broker paper account; 2. Confirm code/action/shares; 3. Enter order manually; 4. Mark result in your trading journal.
2026-06-27 16:03:35,2025-05-19,next trading day,600519.SH,贵州茅台,WAIT,0,1578.98,1573.0235,100000.0,100000.0,watch_only,"Buy signal, but available cash is not enough for one lot.",1. Open broker paper account; 2. Confirm code/action/shares; 3. Enter order manually; 4. Mark result in your trading journal.
2026-06-27 16:03:35,2025-05-20,next trading day,600519.SH,贵州茅台,WAIT,0,1586.0,1573.8235,100000.0,100000.0,watch_only,"Buy signal, but available cash is not enough for one lot.",1. Open broker paper account; 2. Confirm code/action/shares; 3. Enter order manually; 4. Mark result in your trading journal.
2026-06-27 16:03:35,2025-05-21,next trading day,600519.SH,贵州茅台,WAIT,0,1580.97,1574.575,100000.0,100000.0,watch_only,"Buy signal, but available cash is not enough for one lot.",1. Open broker paper account; 2. Confirm code/action/shares; 3. Enter order manually; 4. Mark result in your trading journal.
2026-06-27 16:03:35,2025-05-22,next trading day,600519.SH,贵州茅台,WAIT,0,1580.0,1576.025,100000.0,100000.0,watch_only,"Buy signal, but available cash is not enough for one lot.",1. Open broker paper account; 2. Confirm code/action/shares; 3. Enter order manually; 4. Mark result in your trading journal.
2026-06-27 16:03:35,2025-07-10,next trading day,600519.SH,贵州茅台,WAIT,0,1426.5,1420.314,100000.0,100000.0,watch_only,"Buy signal, but available cash is not enough for one lot.",1. Open broker paper account; 2. Confirm code/action/shares; 3. Enter order manually; 4. Mark result in your trading journal.
2026-06-27 16:03:35,2025-07-11,next trading day,600519.SH,贵州茅台,WAIT,0,1427.0,1420.3165,100000.0,100000.0,watch_only,"Buy signal, but available cash is not enough for one lot.",1. Open broker paper account; 2. Confirm code/action/shares; 3. Enter order manually; 4. Mark result in your trading journal.
2026-06-27 16:03:35,2025-07-14,next trading day,600519.SH,贵州茅台,WAIT,0,1423.6,1420.382,100000.0,100000.0,watch_only,"Buy signal, but available cash is not enough for one lot.",1. Open broker paper account; 2. Confirm code/action/shares; 3. Enter order manually; 4. Mark result in your trading journal.
2026-06-27 16:03:35,2025-07-18,next trading day,600519.SH,贵州茅台,WAIT,0,1437.0,1418.818,100000.0,100000.0,watch_only,"Buy signal, but available cash is not enough for one lot.",1. Open broker paper account; 2. Confirm code/action/shares; 3. Enter order manually; 4. Mark result in your trading journal.
2026-06-27 16:03:35,2025-07-21,next trading day,600519.SH,贵州茅台,WAIT,0,1443.0,1419.968,100000.0,100000.0,watch_only,"Buy signal, but available cash is not enough for one lot.",1. Open broker paper account; 2. Confirm code/action/shares; 3. Enter order manually; 4. Mark result in your trading journal.
2026-06-27 16:03:35,2025-07-22,next trading day,600519.SH,贵州茅台,WAIT,0,1464.98,1421.357,100000.0,100000.0,watch_only,"Buy signal, but available cash is not enough for one lot.",1. Open broker paper account; 2. Confirm code/action/shares; 3. Enter order manually; 4. Mark result in your trading journal.
2026-06-27 16:03:35,2025-07-23,next trading day,600519.SH,贵州茅台,WAIT,0,1475.5,1423.339,100000.0,100000.0,watch_only,"Buy signal, but available cash is not enough for one lot.",1. Open broker paper account; 2. Confirm code/action/shares; 3. Enter order manually; 4. Mark result in your trading journal.
2026-06-27 16:03:35,2025-07-24,next trading day,600519.SH,贵州茅台,WAIT,0,1491.5,1426.914,100000.0,100000.0,watch_only,"Buy signal, but available cash is not enough for one lot.",1. Open broker paper account; 2. Confirm code/action/shares; 3. Enter order manually; 4. Mark result in your trading journal.
2026-06-27 16:03:35,2025-07-25,next trading day,600519.SH,贵州茅台,WAIT,0,1455.0,1429.5095,100000.0,100000.0,watch_only,"Buy signal, but available cash is not enough for one lot.",1. Open broker paper account; 2. Confirm code/action/shares; 3. Enter order manually; 4. Mark result in your trading journal.
2026-06-27 16:03:35,2025-07-28,next trading day,600519.SH,贵州茅台,WAIT,0,1438.66,1430.9665,100000.0,100000.0,watch_only,"Buy signal, but available cash is not enough for one lot.",1. Open broker paper account; 2. Confirm code/action/shares; 3. Enter order manually; 4. Mark result in your trading journal.
2026-06-27 16:03:35,2025-07-29,next trading day,600519.SH,贵州茅台,WAIT,0,1439.0,1432.6615,100000.0,100000.0,watch_only,"Buy signal, but available cash is not enough for one lot.",1. Open broker paper account; 2. Confirm code/action/shares; 3. Enter order manually; 4. Mark result in your trading journal.
2026-06-27 16:03:35,2025-07-30,next trading day,600519.SH,贵州茅台,WAIT,0,1449.44,1434.6535,100000.0,100000.0,watch_only,"Buy signal, but available cash is not enough for one lot.",1. Open broker paper account; 2. Confirm code/action/shares; 3. Enter order manually; 4. Mark result in your trading journal.
2026-06-27 16:03:35,2025-08-11,next trading day,600519.SH,贵州茅台,WAIT,0,1445.0,1436.5035,100000.0,100000.0,watch_only,"Buy signal, but available cash is not enough for one lot.",1. Open broker paper account; 2. Confirm code/action/shares; 3. Enter order manually; 4. Mark result in your trading journal.
2026-06-27 16:03:35,2025-08-19,next trading day,600519.SH,贵州茅台,WAIT,0,1438.0,1435.9685,100000.0,100000.0,watch_only,"Buy signal, but available cash is not enough for one lot.",1. Open broker paper account; 2. Confirm code/action/shares; 3. Enter order manually; 4. Mark result in your trading journal.
2026-06-27 16:03:35,2025-08-20,next trading day,600519.SH,贵州茅台,WAIT,0,1450.0,1434.6935,100000.0,100000.0,watch_only,"Buy signal, but available cash is not enough for one lot.",1. Open broker paper account; 2. Confirm code/action/shares; 3. Enter order manually; 4. Mark result in your trading journal.
2026-06-27 16:03:35,2025-08-21,next trading day,600519.SH,贵州茅台,WAIT,0,1448.25,1432.531,100000.0,100000.0,watch_only,"Buy signal, but available cash is not enough for one lot.",1. Open broker paper account; 2. Confirm code/action/shares; 3. Enter order manually; 4. Mark result in your trading journal.
2026-06-27 16:03:35,2025-08-22,next trading day,600519.SH,贵州茅台,WAIT,0,1463.95,1432.9785,100000.0,100000.0,watch_only,"Buy signal, but available cash is not enough for one lot.",1. Open broker paper account; 2. Confirm code/action/shares; 3. Enter order manually; 4. Mark result in your trading journal.
2026-06-27 16:03:35,2025-08-25,next trading day,600519.SH,贵州茅台,WAIT,0,1490.33,1435.562,100000.0,100000.0,watch_only,"Buy signal, but available cash is not enough for one lot.",1. Open broker paper account; 2. Confirm code/action/shares; 3. Enter order manually; 4. Mark result in your trading journal.
2026-06-27 16:03:35,2025-08-26,next trading day,600519.SH,贵州茅台,WAIT,0,1481.61,1437.6925,100000.0,100000.0,watch_only,"Buy signal, but available cash is not enough for one lot.",1. Open broker paper account; 2. Confirm code/action/shares; 3. Enter order manually; 4. Mark result in your trading journal.
2026-06-27 16:03:35,2025-08-27,next trading day,600519.SH,贵州茅台,WAIT,0,1448.0,1437.6205,100000.0,100000.0,watch_only,"Buy signal, but available cash is not enough for one lot.",1. Open broker paper account; 2. Confirm code/action/shares; 3. Enter order manually; 4. Mark result in your trading journal.
2026-06-27 16:03:35,2025-08-28,next trading day,600519.SH,贵州茅台,WAIT,0,1446.1,1438.842,100000.0,100000.0,watch_only,"Buy signal, but available cash is not enough for one lot.",1. Open broker paper account; 2. Confirm code/action/shares; 3. Enter order manually; 4. Mark result in your trading journal.
2026-06-27 16:03:35,2025-08-29,next trading day,600519.SH,贵州茅台,WAIT,0,1480.0,1441.992,100000.0,100000.0,watch_only,"Buy signal, but available cash is not enough for one lot.",1. Open broker paper account; 2. Confirm code/action/shares; 3. Enter order manually; 4. Mark result in your trading journal.
2026-06-27 16:03:35,2025-09-01,next trading day,600519.SH,贵州茅台,WAIT,0,1476.1,1444.847,100000.0,100000.0,watch_only,"Buy signal, but available cash is not enough for one lot.",1. Open broker paper account; 2. Confirm code/action/shares; 3. Enter order manually; 4. Mark result in your trading journal.
2026-06-27 16:03:35,2025-09-02,next trading day,600519.SH,贵州茅台,WAIT,0,1491.3,1448.025,100000.0,100000.0,watch_only,"Buy signal, but available cash is not enough for one lot.",1. Open broker paper account; 2. Confirm code/action/shares; 3. Enter order manually; 4. Mark result in your trading journal.
2026-06-27 16:03:35,2025-09-03,next trading day,600519.SH,贵州茅台,WAIT,0,1480.55,1450.8585,100000.0,100000.0,watch_only,"Buy signal, but available cash is not enough for one lot.",1. Open broker paper account; 2. Confirm code/action/shares; 3. Enter order manually; 4. Mark result in your trading journal.
2026-06-27 16:03:35,2025-09-04,next trading day,600519.SH,贵州茅台,WAIT,0,1472.66,1453.374,100000.0,100000.0,watch_only,"Buy signal, but available cash is not enough for one lot.",1. Open broker paper account; 2. Confirm code/action/shares; 3. Enter order manually; 4. Mark result in your trading journal.
2026-06-27 16:03:35,2025-09-05,next trading day,600519.SH,贵州茅台,WAIT,0,1483.0,1456.4755,100000.0,100000.0,watch_only,"Buy signal, but available cash is not enough for one lot.",1. Open broker paper account; 2. Confirm code/action/shares; 3. Enter order manually; 4. Mark result in your trading journal.
2026-06-27 16:03:35,2025-09-08,next trading day,600519.SH,贵州茅台,WAIT,0,1501.23,1459.287,100000.0,100000.0,watch_only,"Buy signal, but available cash is not enough for one lot.",1. Open broker paper account; 2. Confirm code/action/shares; 3. Enter order manually; 4. Mark result in your trading journal.
2026-06-27 16:03:35,2025-09-09,next trading day,600519.SH,贵州茅台,WAIT,0,1505.0,1462.685,100000.0,100000.0,watch_only,"Buy signal, but available cash is not enough for one lot.",1. Open broker paper account; 2. Confirm code/action/shares; 3. Enter order manually; 4. Mark result in your trading journal.
2026-06-27 16:03:35,2025-09-10,next trading day,600519.SH,贵州茅台,WAIT,0,1522.01,1467.783,100000.0,100000.0,watch_only,"Buy signal, but available cash is not enough for one lot.",1. Open broker paper account; 2. Confirm code/action/shares; 3. Enter order manually; 4. Mark result in your trading journal.
2026-06-27 16:03:35,2025-09-11,next trading day,600519.SH,贵州茅台,WAIT,0,1523.5,1472.6085,100000.0,100000.0,watch_only,"Buy signal, but available cash is not enough for one lot.",1. Open broker paper account; 2. Confirm code/action/shares; 3. Enter order manually; 4. Mark result in your trading journal.
2026-06-27 16:03:35,2025-09-12,next trading day,600519.SH,贵州茅台,WAIT,0,1516.0,1477.3045,100000.0,100000.0,watch_only,"Buy signal, but available cash is not enough for one lot.",1. Open broker paper account; 2. Confirm code/action/shares; 3. Enter order manually; 4. Mark result in your trading journal.
2026-06-27 16:03:35,2025-09-15,next trading day,600519.SH,贵州茅台,WAIT,0,1515.1,1481.6345,100000.0,100000.0,watch_only,"Buy signal, but available cash is not enough for one lot.",1. Open broker paper account; 2. Confirm code/action/shares; 3. Enter order manually; 4. Mark result in your trading journal.
2026-06-27 16:03:35,2025-09-16,next trading day,600519.SH,贵州茅台,WAIT,0,1499.98,1484.7335,100000.0,100000.0,watch_only,"Buy signal, but available cash is not enough for one lot.",1. Open broker paper account; 2. Confirm code/action/shares; 3. Enter order manually; 4. Mark result in your trading journal.
2026-06-27 16:03:35,2025-09-17,next trading day,600519.SH,贵州茅台,WAIT,0,1493.0,1486.8835,100000.0,100000.0,watch_only,"Buy signal, but available cash is not enough for one lot.",1. Open broker paper account; 2. Confirm code/action/shares; 3. Enter order manually; 4. Mark result in your trading journal.
2026-06-27 16:03:35,2025-10-16,next trading day,600519.SH,贵州茅台,WAIT,0,1484.91,1464.452,100000.0,100000.0,watch_only,"Buy signal, but available cash is not enough for one lot.",1. Open broker paper account; 2. Confirm code/action/shares; 3. Enter order manually; 4. Mark result in your trading journal.
2026-06-27 16:03:35,2025-10-21,next trading day,600519.SH,贵州茅台,WAIT,0,1462.26,1455.4815,100000.0,100000.0,watch_only,"Buy signal, but available cash is not enough for one lot.",1. Open broker paper account; 2. Confirm code/action/shares; 3. Enter order manually; 4. Mark result in your trading journal.
2026-06-27 16:03:35,2025-10-22,next trading day,600519.SH,贵州茅台,WAIT,0,1458.7,1453.4175,100000.0,100000.0,watch_only,"Buy signal, but available cash is not enough for one lot.",1. Open broker paper account; 2. Confirm code/action/shares; 3. Enter order manually; 4. Mark result in your trading journal.
2026-06-27 16:03:35,2025-10-23,next trading day,600519.SH,贵州茅台,WAIT,0,1467.98,1452.1665,100000.0,100000.0,watch_only,"Buy signal, but available cash is not enough for one lot.",1. Open broker paper account; 2. Confirm code/action/shares; 3. Enter order manually; 4. Mark result in your trading journal.
2026-06-27 16:03:35,2025-11-10,next trading day,600519.SH,贵州茅台,WAIT,0,1462.3,1446.935,100000.0,100000.0,watch_only,"Buy signal, but available cash is not enough for one lot.",1. Open broker paper account; 2. Confirm code/action/shares; 3. Enter order manually; 4. Mark result in your trading journal.
2026-06-27 16:03:35,2025-11-11,next trading day,600519.SH,贵州茅台,WAIT,0,1458.99,1447.3335,100000.0,100000.0,watch_only,"Buy signal, but available cash is not enough for one lot.",1. Open broker paper account; 2. Confirm code/action/shares; 3. Enter order manually; 4. Mark result in your trading journal.
2026-06-27 16:03:35,2025-11-12,next trading day,600519.SH,贵州茅台,WAIT,0,1465.15,1447.491,100000.0,100000.0,watch_only,"Buy signal, but available cash is not enough for one lot.",1. Open broker paper account; 2. Confirm code/action/shares; 3. Enter order manually; 4. Mark result in your trading journal.
2026-06-27 16:03:35,2025-11-13,next trading day,600519.SH,贵州茅台,WAIT,0,1470.38,1446.7645,100000.0,100000.0,watch_only,"Buy signal, but available cash is not enough for one lot.",1. Open broker paper account; 2. Confirm code/action/shares; 3. Enter order manually; 4. Mark result in your trading journal.
2026-06-27 16:03:35,2025-11-14,next trading day,600519.SH,贵州茅台,WAIT,0,1456.6,1446.8445,100000.0,100000.0,watch_only,"Buy signal, but available cash is not enough for one lot.",1. Open broker paper account; 2. Confirm code/action/shares; 3. Enter order manually; 4. Mark result in your trading journal.
2026-06-27 16:03:35,2025-11-17,next trading day,600519.SH,贵州茅台,WAIT,0,1471.0,1447.498,100000.0,100000.0,watch_only,"Buy signal, but available cash is not enough for one lot.",1. Open broker paper account; 2. Confirm code/action/shares; 3. Enter order manually; 4. Mark result in your trading journal.
2026-06-27 16:03:35,2025-11-18,next trading day,600519.SH,贵州茅台,WAIT,0,1476.0,1448.185,100000.0,100000.0,watch_only,"Buy signal, but available cash is not enough for one lot.",1. Open broker paper account; 2. Confirm code/action/shares; 3. Enter order manually; 4. Mark result in your trading journal.
2026-06-27 16:03:35,2025-11-19,next trading day,600519.SH,贵州茅台,WAIT,0,1471.01,1448.8005,100000.0,100000.0,watch_only,"Buy signal, but available cash is not enough for one lot.",1. Open broker paper account; 2. Confirm code/action/shares; 3. Enter order manually; 4. Mark result in your trading journal.
2026-06-27 16:03:35,2025-11-20,next trading day,600519.SH,贵州茅台,WAIT,0,1467.11,1448.757,100000.0,100000.0,watch_only,"Buy signal, but available cash is not enough for one lot.",1. Open broker paper account; 2. Confirm code/action/shares; 3. Enter order manually; 4. Mark result in your trading journal.
2026-06-27 16:03:35,2025-11-21,next trading day,600519.SH,贵州茅台,WAIT,0,1466.6,1449.587,100000.0,100000.0,watch_only,"Buy signal, but available cash is not enough for one lot.",1. Open broker paper account; 2. Confirm code/action/shares; 3. Enter order manually; 4. Mark result in your trading journal.
2026-06-27 16:03:35,2025-11-24,next trading day,600519.SH,贵州茅台,WAIT,0,1452.0,1450.1665,100000.0,100000.0,watch_only,"Buy signal, but available cash is not enough for one lot.",1. Open broker paper account; 2. Confirm code/action/shares; 3. Enter order manually; 4. Mark result in your trading journal.
2026-06-27 16:03:35,2026-01-05,next trading day,600519.SH,贵州茅台,WAIT,0,1426.0,1412.35,100000.0,100000.0,watch_only,"Buy signal, but available cash is not enough for one lot.",1. Open broker paper account; 2. Confirm code/action/shares; 3. Enter order manually; 4. Mark result in your trading journal.
2026-06-27 16:03:35,2026-01-06,next trading day,600519.SH,贵州茅台,WAIT,0,1428.01,1412.25,100000.0,100000.0,watch_only,"Buy signal, but available cash is not enough for one lot.",1. Open broker paper account; 2. Confirm code/action/shares; 3. Enter order manually; 4. Mark result in your trading journal.
2026-06-27 16:03:35,2026-01-07,next trading day,600519.SH,贵州茅台,WAIT,0,1423.36,1412.507,100000.0,100000.0,watch_only,"Buy signal, but available cash is not enough for one lot.",1. Open broker paper account; 2. Confirm code/action/shares; 3. Enter order manually; 4. Mark result in your trading journal.
2026-06-27 16:03:35,2026-01-09,next trading day,600519.SH,贵州茅台,WAIT,0,1419.1,1413.8865,100000.0,100000.0,watch_only,"Buy signal, but available cash is not enough for one lot.",1. Open broker paper account; 2. Confirm code/action/shares; 3. Enter order manually; 4. Mark result in your trading journal.
2026-06-27 16:03:35,2026-01-12,next trading day,600519.SH,贵州茅台,WAIT,0,1423.23,1414.4485,100000.0,100000.0,watch_only,"Buy signal, but available cash is not enough for one lot.",1. Open broker paper account; 2. Confirm code/action/shares; 3. Enter order manually; 4. Mark result in your trading journal.
2026-06-27 16:03:35,2026-01-29,next trading day,600519.SH,贵州茅台,WAIT,0,1437.72,1385.6585,100000.0,100000.0,watch_only,"Buy signal, but available cash is not enough for one lot.",1. Open broker paper account; 2. Confirm code/action/shares; 3. Enter order manually; 4. Mark result in your trading journal.
2026-06-27 16:03:35,2026-01-30,next trading day,600519.SH,贵州茅台,WAIT,0,1401.0,1386.8495,100000.0,100000.0,watch_only,"Buy signal, but available cash is not enough for one lot.",1. Open broker paper account; 2. Confirm code/action/shares; 3. Enter order manually; 4. Mark result in your trading journal.
2026-06-27 16:03:35,2026-02-02,next trading day,600519.SH,贵州茅台,WAIT,0,1427.0,1386.8995,100000.0,100000.0,watch_only,"Buy signal, but available cash is not enough for one lot.",1. Open broker paper account; 2. Confirm code/action/shares; 3. Enter order manually; 4. Mark result in your trading journal.
2026-06-27 16:03:35,2026-02-03,next trading day,600519.SH,贵州茅台,WAIT,0,1474.92,1389.245,100000.0,100000.0,watch_only,"Buy signal, but available cash is not enough for one lot.",1. Open broker paper account; 2. Confirm code/action/shares; 3. Enter order manually; 4. Mark result in your trading journal.
2026-06-27 16:03:35,2026-02-04,next trading day,600519.SH,贵州茅台,WAIT,0,1525.0,1394.327,100000.0,100000.0,watch_only,"Buy signal, but available cash is not enough for one lot.",1. Open broker paper account; 2. Confirm code/action/shares; 3. Enter order manually; 4. Mark result in your trading journal.
2026-06-27 16:03:35,2026-02-05,next trading day,600519.SH,贵州茅台,WAIT,0,1555.0,1401.462,100000.0,100000.0,watch_only,"Buy signal, but available cash is not enough for one lot.",1. Open broker paper account; 2. Confirm code/action/shares; 3. Enter order manually; 4. Mark result in your trading journal.
2026-06-27 16:03:35,2026-02-06,next trading day,600519.SH,贵州茅台,WAIT,0,1515.01,1406.2575,100000.0,100000.0,watch_only,"Buy signal, but available cash is not enough for one lot.",1. Open broker paper account; 2. Confirm code/action/shares; 3. Enter order manually; 4. Mark result in your trading journal.
2026-06-27 16:03:35,2026-02-09,next trading day,600519.SH,贵州茅台,WAIT,0,1524.96,1411.344,100000.0,100000.0,watch_only,"Buy signal, but available cash is not enough for one lot.",1. Open broker paper account; 2. Confirm code/action/shares; 3. Enter order manually; 4. Mark result in your trading journal.
2026-06-27 16:03:35,2026-02-10,next trading day,600519.SH,贵州茅台,WAIT,0,1504.8,1416.034,100000.0,100000.0,watch_only,"Buy signal, but available cash is not enough for one lot.",1. Open broker paper account; 2. Confirm code/action/shares; 3. Enter order manually; 4. Mark result in your trading journal.
2026-06-27 16:03:35,2026-02-11,next trading day,600519.SH,贵州茅台,WAIT,0,1504.33,1421.35,100000.0,100000.0,watch_only,"Buy signal, but available cash is not enough for one lot.",1. Open broker paper account; 2. Confirm code/action/shares; 3. Enter order manually; 4. Mark result in your trading journal.
2026-06-27 16:03:35,2026-02-12,next trading day,600519.SH,贵州茅台,WAIT,0,1486.6,1426.2355,100000.0,100000.0,watch_only,"Buy signal, but available cash is not enough for one lot.",1. Open broker paper account; 2. Confirm code/action/shares; 3. Enter order manually; 4. Mark result in your trading journal.
2026-06-27 16:03:35,2026-02-13,next trading day,600519.SH,贵州茅台,WAIT,0,1485.3,1431.4005,100000.0,100000.0,watch_only,"Buy signal, but available cash is not enough for one lot.",1. Open broker paper account; 2. Confirm code/action/shares; 3. Enter order manually; 4. Mark result in your trading journal.
2026-06-27 16:03:35,2026-02-24,next trading day,600519.SH,贵州茅台,WAIT,0,1466.8,1435.9405,100000.0,100000.0,watch_only,"Buy signal, but available cash is not enough for one lot.",1. Open broker paper account; 2. Confirm code/action/shares; 3. Enter order manually; 4. Mark result in your trading journal.
2026-06-27 16:03:35,2026-02-25,next trading day,600519.SH,贵州茅台,WAIT,0,1491.66,1441.846,100000.0,100000.0,watch_only,"Buy signal, but available cash is not enough for one lot.",1. Open broker paper account; 2. Confirm code/action/shares; 3. Enter order manually; 4. Mark result in your trading journal.
2026-06-27 16:03:35,2026-02-26,next trading day,600519.SH,贵州茅台,WAIT,0,1466.21,1447.6035,100000.0,100000.0,watch_only,"Buy signal, but available cash is not enough for one lot.",1. Open broker paper account; 2. Confirm code/action/shares; 3. Enter order manually; 4. Mark result in your trading journal.
2026-06-27 16:03:35,2026-02-27,next trading day,600519.SH,贵州茅台,WAIT,0,1455.02,1453.3515,100000.0,100000.0,watch_only,"Buy signal, but available cash is not enough for one lot.",1. Open broker paper account; 2. Confirm code/action/shares; 3. Enter order manually; 4. Mark result in your trading journal.
2026-06-27 16:03:35,2026-03-16,next trading day,600519.SH,贵州茅台,WAIT,0,1460.18,1445.945,100000.0,100000.0,watch_only,"Buy signal, but available cash is not enough for one lot.",1. Open broker paper account; 2. Confirm code/action/shares; 3. Enter order manually; 4. Mark result in your trading journal.
2026-06-27 16:03:35,2026-03-17,next trading day,600519.SH,贵州茅台,WAIT,0,1485.0,1443.947,100000.0,100000.0,watch_only,"Buy signal, but available cash is not enough for one lot.",1. Open broker paper account; 2. Confirm code/action/shares; 3. Enter order manually; 4. Mark result in your trading journal.
2026-06-27 16:03:35,2026-03-18,next trading day,600519.SH,贵州茅台,WAIT,0,1468.8,1442.147,100000.0,100000.0,watch_only,"Buy signal, but available cash is not enough for one lot.",1. Open broker paper account; 2. Confirm code/action/shares; 3. Enter order manually; 4. Mark result in your trading journal.
2026-06-27 16:03:35,2026-03-19,next trading day,600519.SH,贵州茅台,WAIT,0,1452.87,1439.574,100000.0,100000.0,watch_only,"Buy signal, but available cash is not enough for one lot.",1. Open broker paper account; 2. Confirm code/action/shares; 3. Enter order manually; 4. Mark result in your trading journal.
2026-06-27 16:03:35,2026-03-20,next trading day,600519.SH,贵州茅台,WAIT,0,1445.0,1437.494,100000.0,100000.0,watch_only,"Buy signal, but available cash is not enough for one lot.",1. Open broker paper account; 2. Confirm code/action/shares; 3. Enter order manually; 4. Mark result in your trading journal.
2026-06-27 16:03:35,2026-03-31,next trading day,600519.SH,贵州茅台,WAIT,0,1450.0,1421.573,100000.0,100000.0,watch_only,"Buy signal, but available cash is not enough for one lot.",1. Open broker paper account; 2. Confirm code/action/shares; 3. Enter order manually; 4. Mark result in your trading journal.
2026-06-27 16:03:35,2026-04-01,next trading day,600519.SH,贵州茅台,WAIT,0,1459.44,1424.486,100000.0,100000.0,watch_only,"Buy signal, but available cash is not enough for one lot.",1. Open broker paper account; 2. Confirm code/action/shares; 3. Enter order manually; 4. Mark result in your trading journal.
2026-06-27 16:03:35,2026-04-02,next trading day,600519.SH,贵州茅台,WAIT,0,1459.88,1427.528,100000.0,100000.0,watch_only,"Buy signal, but available cash is not enough for one lot.",1. Open broker paper account; 2. Confirm code/action/shares; 3. Enter order manually; 4. Mark result in your trading journal.
2026-06-27 16:03:35,2026-04-03,next trading day,600519.SH,贵州茅台,WAIT,0,1460.0,1430.428,100000.0,100000.0,watch_only,"Buy signal, but available cash is not enough for one lot.",1. Open broker paper account; 2. Confirm code/action/shares; 3. Enter order manually; 4. Mark result in your trading journal.
2026-06-27 16:03:35,2026-04-07,next trading day,600519.SH,贵州茅台,WAIT,0,1440.02,1432.579,100000.0,100000.0,watch_only,"Buy signal, but available cash is not enough for one lot.",1. Open broker paper account; 2. Confirm code/action/shares; 3. Enter order manually; 4. Mark result in your trading journal.
2026-06-27 16:03:35,2026-04-08,next trading day,600519.SH,贵州茅台,WAIT,0,1465.02,1435.736,100000.0,100000.0,watch_only,"Buy signal, but available cash is not enough for one lot.",1. Open broker paper account; 2. Confirm code/action/shares; 3. Enter order manually; 4. Mark result in your trading journal.
2026-06-27 16:03:35,2026-04-09,next trading day,600519.SH,贵州茅台,WAIT,0,1460.49,1438.7605,100000.0,100000.0,watch_only,"Buy signal, but available cash is not enough for one lot.",1. Open broker paper account; 2. Confirm code/action/shares; 3. Enter order manually; 4. Mark result in your trading journal.
2026-06-27 16:03:35,2026-04-10,next trading day,600519.SH,贵州茅台,WAIT,0,1453.96,1441.8585,100000.0,100000.0,watch_only,"Buy signal, but available cash is not enough for one lot.",1. Open broker paper account; 2. Confirm code/action/shares; 3. Enter order manually; 4. Mark result in your trading journal.
2026-06-27 16:03:35,2026-04-14,next trading day,600519.SH,贵州茅台,WAIT,0,1446.9,1442.678,100000.0,100000.0,watch_only,"Buy signal, but available cash is not enough for one lot.",1. Open broker paper account; 2. Confirm code/action/shares; 3. Enter order manually; 4. Mark result in your trading journal.
2026-06-27 16:03:35,2026-04-15,next trading day,600519.SH,贵州茅台,WAIT,0,1467.5,1441.803,100000.0,100000.0,watch_only,"Buy signal, but available cash is not enough for one lot.",1. Open broker paper account; 2. Confirm code/action/shares; 3. Enter order manually; 4. Mark result in your trading journal.
2026-06-27 16:03:35,2026-04-16,next trading day,600519.SH,贵州茅台,WAIT,0,1462.84,1441.505,100000.0,100000.0,watch_only,"Buy signal, but available cash is not enough for one lot.",1. Open broker paper account; 2. Confirm code/action/shares; 3. Enter order manually; 4. Mark result in your trading journal.
2026-06-27 16:03:35,2026-04-24,next trading day,600519.SH,贵州茅台,WAIT,0,1458.49,1441.1255,100000.0,100000.0,watch_only,"Buy signal, but available cash is not enough for one lot.",1. Open broker paper account; 2. Confirm code/action/shares; 3. Enter order manually; 4. Mark result in your trading journal.
2026-06-27 16:03:35,2026-06-12,next trading day,600519.SH,贵州茅台,WAIT,0,1291.91,1291.655,100000.0,100000.0,watch_only,"Buy signal, but available cash is not enough for one lot.",1. Open broker paper account; 2. Confirm code/action/shares; 3. Enter order manually; 4. Mark result in your trading journal.
